order_id,order_date,customer_name,product,category,quantity,price,region
1001,2026-01-05,Rahul,Laptop,Electronics,2,55000,East
1002,2026-01-06,Priya,Chair,Furniture,4,3500,North
1003,2026-01-08,Aman,Headphones,Electronics,3,2500,South
1004,2026-01-10,Sneha,Desk,Furniture,2,7000,West
1005,2026-01-12,Rohan,Keyboard,Electronics,5,1500,East
1006,2026-01-15,Anjali,Mouse,Electronics,8,800,North
1007,2026-01-18,Vikas,Monitor,Electronics,3,12000,South
1008,2026-01-20,Neha,Office Chair,Furniture,2,6500,West
1009,2026-02-02,Rahul,Keyboard,Electronics,4,1500,East
1010,2026-02-05,Priya,Laptop,Electronics,1,55000,North
1011,2026-02-09,Aman,Desk,Furniture,3,7000,South
1012,2026-02-12,Sneha,Mouse,Electronics,6,800,West
1013,2026-02-15,Rohan,Monitor,Electronics,2,12000,East
1014,2026-02-18,Anjali,Chair,Furniture,5,3500,North
1015,2026-02-22,Vikas,Headphones,Electronics,4,2500,South
1016,2026-03-03,Neha,Laptop,Electronics,2,55000,West
1017,2026-03-07,Rahul,Desk,Furniture,1,7000,East
1018,2026-03-10,Priya,Mouse,Electronics,10,800,North
1019,2026-03-14,Aman,Office Chair,Furniture,3,6500,South
1020,2026-03-20,Sneha,Monitor,Electronics,4,12000,West